{"uhh":[{"name":"F.1 - Rechtswissenschaft","subs":[{"74":"Institut f\u00fcr Recht & \u00d6konomik"},{"114":"Rechtswissenschaft"}]},{"name":"F.2 - Wirtschafts- und Sozialwissenschaften","subs":[{"11":"Volkswirtschaftslehre (VWL)"},{"12":"Sozial\u00f6konomie"},{"108":"Sozialwissenschaften"},{"109":"Betriebswirtschaftslehre (BWL)"},{"169":"fachbereich\u00fcbergreifend"}]},{"name":"F.3 - Medizin","subs":[{"72":"Sexualforschung und Forensische Psychiatrie"},{"128":"Psychosomatische Medizin und Psychotherapie"},{"164":"SFB 936"}]},{"name":"F.4 - Erziehungswiss., Psychologie, Bewegungswiss.","subs":[{"13":"Erziehungswissenschaft"},{"14":"Psychologie"},{"15":"Bewegungswissenschaft"},{"58":"Ringvorlesungen"},{"67":"Arbeitsbereich Sozialpsychologie"},{"159":"Studienbereich ABK"},{"165":"Zentrum f\u00fcr Schl\u00fcsselkompetenzen \/ ABK"},{"192":"Akademie der Weltreligionen"}]},{"name":"F.5 - Geisteswissenschaften","subs":[{"17":"Sprache, Literatur, Medien (SLM I + II)"},{"65":"Philosophie"},{"106":"Geschichte"},{"147":"Kulturgeschichte und Kulturkunde"}]},{"name":"F.6 - Mathematik, Informatik, Naturwissenschaften","subs":[{"24":"Chemie"},{"26":"Informatik"},{"42":"ZNF"},{"57":"Geowissenschaften"},{"61":"Physik"},{"66":"Mathematik"},{"148":"Gesundheitswissenschaften"},{"182":"MIN-Fakult\u00e4t"},{"171":"Biologie"}]}],"events":[{"name":"Universit\u00e4t Hamburg","subs":[{"189":"Campus Innovation und Konferenztag Studium und Lehre 2013"},{"187":"Campus Innovation und Konferenztag Studium und Lehre 2012"},{"150":"Campus Innovation und Konferenztag Studium und Lehre 2011"},{"105":"Campus Innovation und Konferenztag Studium und Lehre 2010"},{"59":"Campus Innovation und Konferenztag Studium und Lehre 2009"},{"31":"Campus Innovation und Konferenztag Studium und Lehre 2008"},{"32":"DINI-Tagung"},{"47":"International Supercomputing Conference 2009"},{"78":"International Supercomputing Conference 2010"},{"131":"International Supercomputing Conference 2011"},{"167":"International Supercomputing Conference 2012 "},{"111":"OLAT"},{"84":"Kriminologische Sozialforschung"},{"92":"Hans-B\u00f6ckler-Stiftung Berlin"},{"93":"Institut f\u00fcr Medien und Komm."},{"99":"3. Hamburger Carl Friedrich v. Weizs\u00e4cker-Forum"},{"69":"Aktiv Altern"},{"85":"Erziehungswiss., Psych., Bewegungswiss."},{"51":"GBV - Verbundkonferenz 2009"},{"88":"DFG CCO-Tagung"},{"90":"Fremde Welten"},{"132":"VIII. Konferenztag Studium und Lehre"},{"133":"Kolloquium"},{"134":"Walter-A.-Berendsohn-Forschungsstelle\nf\u00fcr deutsche Exilliteratur"},{"34":"50 Jahre IT"},{"136":"Zentrum f\u00fcr Buddhismuskunde\/Tibetisches Zentrum eV"},{"139":"Forschungsstelle f\u00fcr Zeitgeschichte in Hamburg"},{"149":"Humanities Perspective 2011"},{"140":"10. internationale Konferenz zur Funktionalen Pragmatik"},{"141":"European Association of Law & Economics (EALE)"},{"142":"Netzwerk Hamburger Career Services"},{"151":"40 Jahre Informatik"},{"152":"Stranger Than Fiction: Fakt und Faktualit\u00e4t"},{"153":"Quand les enfants \u00e9crivent les g\u00e9nocides: th\u00e9ories textes t\u00e9moignages"},{"158":"ZKI-Fr\u00fchjahrstagung 2012 in Hamburg"},{"160":"Fachforum Vorlesungsaufzeichnungen"},{"161":" 13. Jahrestagung des Deutschen Netzwerks Evidenzbasierte Medizin"},{"166":"Fr\u00fchjahrstagung der Arbeitsgemeinschaft f\u00fcr das Fernstudium (AG-F) "},{"173":"digital humanities 2012"},{"184":"Symposium f\u00fcr Kampfkunst und Kampfsport Hamburg 2012"},{"191":"Kampnagel - Symposium zur Arbeit von Laurent Ch\u00e9touane"}]}],"others":[{"name":"Sonstige Einrichtungen der UHH","subs":[{"89":"\u00d6ffentliche Vorlesungen"},{"38":"Medienkompetenzzentrum (MCC)"},{"49":"Hochschulsport"},{"62":"UNI-TV"},{"75":"\u00dcber die Universit\u00e4t Hamburg"},{"76":"Kinderuni"},{"91":"Studium und Lehre"},{"94":"Career Center"},{"107":"Konfuzius-Institut"},{"124":"STiNE"},{"130":"Asien-Afrika-Institut"},{"135":"Pr\u00e4sidialverwaltung"},{"143":"Zentrales eLearning-B\u00fcro"},{"146":"Campus Center"},{"162":"Studierendenparlament (StuPa)"},{"172":"AStA"},{"185":"Internationales"},{"190":"RRZ Universit\u00e4t Hamburg"}]},{"name":"Arbeitsstelle f\u00fcr wissenschaftliche Weiterbildung","subs":[{"86":"Dolmetschen"},{"43":"SFB Mehrsprachigkeit"},{"56":"Ringvorlesungen"},{"144":"Allgemeines Vorlesungswesen"}]},{"name":"Schulkooperation und Juniorstudium","subs":[{"45":"Juniorstudium"},{"46":"Was wie wof\u00fcr studieren?"}]},{"name":"HAW Hamburg - Fakult\u00e4t  Life Sciences","subs":[{"87":"Forschungs- und Transferzentrum"},{"53":"Health Sciences"},{"68":"\u00d6kotrophologie"},{"122":"Medizintechnik"},{"183":"Gesundheitswissenschaften"},{"186":"Wahl Pflicht Orientierung"}]},{"name":"Universit\u00e4ts-Gesellschaft Hamburg","subs":[{"71":"Veranstaltungen"}]},{"name":"Universit\u00e4t Oldenburg - F.3","subs":[{"96":"Kunst, Kunstgeschichte und Kunstp\u00e4dagogik"}]},{"name":"HAW Hamburg - Fakult\u00e4t Wirtschaft und Soziales ","subs":[{"100":"MA International Business and Logistics"},{"101":"BA Au\u00dfenwirtschaft \/ Internationales Management"},{"110":"BASA (Soziale Arbeit (Bachelor))"}]},{"name":"HAW Hamburg - Fakult\u00e4t Design, Medien, Information","subs":[{"104":"Gamecity Hamburg"},{"129":"Design"}]},{"name":"Heinrich-Heine-Universit\u00e4t D\u00fcsseldorf","subs":[{"113":"AVZ"}]}]}